id,time,title,author,score,num_comments,text
ae763e,1547043014.0,case saudi comedian fahad wife loujain woman activist arrested  2018  resurfaced following twitter thread detailing disappearance,ahm713,108,3,kind backwater government make disappear advocating woman right drive almost seems like coordinated attempt last make saudi look like  5 th century goatherders like saudi pretty okay sad atrocity ignore sake oil future coming whether like saying saudi brainwashed shit eating fuckwads could ever come wait oil dead left alone misery 
aehne1,1547114264.0,largest strike history taking place india,LumberjackEnt,13977,70,india right bangalore public bus road school shut public bank shut state local government main opposition central federal govt neighbouring state tamil nadu strike strike strike took place tuesday wednesday everyone questioning number every year india hold world largest strike time last one million take part one expected top sound impressive rarely strike achieve outcome scale consequence india population extreme size working class nonetheless fact government responded adequately medium covered enough seriousness point huge worker undercurrent nation covered anywhere india time couple piece exactly front page calling shenanigan someone idea though union exaggerating thing swept rug make top give reddit incredible read  19  article month probably going stay way article terrible india first time hearing lol would like specific criticism modi reform advocating think people outside india really know much modi remember seeing hugh jackman stage pr function modi new york seemed idea also exactly big strike would really like detail biggest ever india population biggest protest history could topped another protest india later year especially people join article basically headline bunch picture people striking reporter strike news outlet first city mentioned article mumbai live strike vendor banglore working home strike solidarity saw nothing capital imagine fighting real issue fucking wall seems grossly exaggerated okay highly doubt world largest strike history restricted area even mumbai friend even heard  2  day ago strike like dime dozen india idea particular one became popular tldr fake news certainly largest history making joke job people answering phone keep mind cost labor india cheap much lot manufacturing moving china india well vietnam also company believe secure manufacturing china well company make knock offs rather reproduction item may actually better instance one engineered global distribution people within china certain collector subsection example hasbro begun rereleasing generation  1  transformer walmart well cost optimus prime sold walmart  40  ko product including trailer believe accessory retail  60  hasbro recently case reproduction ko product seized destroyed believe company behind fined heavily sorry disappoint number hugely exaggerated strike called communist party india little influence outside state people even aware strike covered seriously major medium agency would give idea magnitude strike everything india largest history work lot indian first hearing really linking communist propoganda site better million fake news alt right site reason seeing mainstream reputable source salt march larger strike know much indian history big deal read  19  article website seeing mess would even read meanwhile u  1  person stricking throwing temper tantrum affect million worker please let whiny comparison u standard living people exist order magnitude worse anyone experience removed dont understand striking banner read general strike clueless topic x 200 b wow thats big indian country function totally fine even large strike like everything normal god hate fucking entitlement country everyone want specific reservation specific minority job everyone want loan waiver stupid decision absolutely concept free market government nationalized anything touched borrowed money nationalized industry cover deficit tax high used fuel stupid decision government like building statute ad campaign prime minister infrastructure everything else could use money fucking hate socialism sad realization successful get improvement company move another cheaper country labor impressive oh man france gon na pissed removed really need get flag sign selling business people need take back corporation largest strike history taking place india shouting want trump going get le call irs hopefully give day respite phone call trying steal credit card information telling going jail trying gain access computer kinda solidarity citizen importantly human must adopt especially yellow vest going idk really waiting read ca find striking time people world need know happening france also well usa imagine  10  u went strike two day protest law inner socialist nutted read article jesus fucking christ labor union advocating communism dense plan go along sad thought modi good indian labor law archaic responsible holding country backwards celebrated fire anyone without government approval  50  employee need labor reform india desperate real otherwise simply incentive start business around expense deal bureaucratic bullshit result labor law story take focus away whole yellow vest thing strike india feel need build nuke know even bigger decolonization damn get call telemarketers today believe best mumbai bus service still strike unpaid due etc love country united state never worry another country overtaking economy every time another country get big scary either already desire become communist best way maintain lead let everybody else implode apparently grow slowly steadily watch china india fall cliff within next couple decade good hope indian kill india dissolve back independent state deleted india could become incredible strong socialist country hope tell press know exactly read paper daily mirror read people think run country guardian read people think ought run country time read people actually run country daily mail read wife people run country financial time read people country morning star read people think country ought run another country daily telegraph read people think kind hard largest strike history country second populated world  1 b people compacted tight living situation treated like shit bombay moment bigger news best bus strike bus road last  3  day totally discovered le noise flip side traffic moving faster india around  730  million people range unemployment rate meaning  22  worker strike course poor country many people start working younger age keep working longer entirely correct high percentage good indian gross exaggeration india nothing significant strike take  30  year culturally subvert destabilize nation look like communist agenda yuri bezmeanov talking fairly accurate first two full day year receive single spam phone call keep strike going please union india controlled political party got election year various opposition party trying every state current government current leadership narendra modi best leader got far made lot enemy removed pewdiepie v rejoice lost war indian wo hard much indian english press mainly caters urban upper middle class life metro city apartment rent double per caput income pay attention american 
aw7lxg,1551462686.0,u wiped hard drive russia factory last year hack,imr2017,4001,42,u hacker managed infect one ira computer trojan fooling ira employee opening file attachment received via email idea percentage successful cyber attack essentially involve human clicking bad link took one raid controller  4  hdd success ca hardware replace quickly easily depending upon controller rebuild array backup depending size array might take time also taking troll factory day election much given working full swing month year thing bitter taste one medicine deleted attack destruction evidence u lot people could little specific act war according definition could please give u content nigel farage aaron bank daniel hannan jacob rees moggs email thanks know news trolling redditors informed reading nobody concerned used cover track wiped quite strong word mean formatted mean none data actually lost assuming go great length rewriting drive junk data cyber command like try u bitch guy could troll offline image computer hard drive hour back business odds smart enough build data center without redundant backup ehhh likely big deal russian propaganda victory u believe u actually fear troll farm much people believe country building actual tech successfully applying hacking tech destroy real infrastructure joke act publicity stunt anything troll farm like whack mole game many little investment necessary taking one worth nothing real issue internet infrastructure define public private domain well social network create revenue etc suppose wipe also wiped evidence someone golden extra curricular activity someone else meddling certain election sure troll factory hacking department hacking cracking street door swing way israel loooong time like much side find vulnerability whatever disclosed chinese iranian russian hacking multiplied u uk deleted deleted russia internet disconnect anm haked nubz think police raid would effective seeing state sponsored think likely lol clearly work trump bot still buying vote im sure really set back day two like cloth remember finding porn coworkers work computer people fucking stupid online usage company property perspective look like shitting door enemy childish ever need proof troll factory say oh wait wiped nothing look oh well wiped like rag seems like trump would sign offensive hack like right dropped patriot missile place russian news site said u hacker managed infect one internal server intruder destroyed raid controller wiped two four hard drive attached temporarily crippling operation yeah whole point raid controller eli 5  still operate half hard drive good job uscc well job edit oh come nerd russia hack nsa something everybody screaming literally declared war u boy skillz best news day russian deserved long time coming wiped hard drive sound like hillary job yea effective changing mind populace destroying hard drive deleted bad ca send polonium internet hillary practice ever heard blockchain 
ayfm0u,1551981892.0,jeffrey epstein alan dershowitz pal accused ring,creature666,119,10,daily beast previously reported epstein faced life behind bar alleged sex act minor walked away slap wrist pleading guilty two state charge solicitation prostitution procurement minor prostitution financier served  13  month sentence private wing palm beach jail allowed leave work release  16  hour day prosecutor let billionaire get away child rape alex acosta literally trump labour secretary alan dershowitz defends trump fox news time trump said love going epstein party epstein like girl younger trump something horrifically rotten state u government edit source trump statement added skeptical hmm comment moral guardian society eager spreading fake story pizza gate weird usa today bizarre allegation dershowitz dershowitz former epstein defense lawyer wednesday accused virginia robert giuffre lawyer former federal judge paul cassell committing perjury making false claim lawsuit could unseal evidence epstein action firing back impromptu news conference outside lower manhattan courtroom dershowitz said judge cassell liar lied court today abused position officer court dershowitz case child rapist based allegation former federal judge committed perjury impossible jesus getting weird donald trump child rapist acosta rewarded loyalty epstein case cabinet position still redhats always quiet thing need prison  lot tie trump let see pizza retard say let partisan agree child fucker likely clinton trump running country main kid rapist epstein getting pun intented year charge like repercussion justice department would job first place could save many fucking life destroyed monster need money politics shit start getting fixed 
b50kyb,1553456791.0,mueller report summary delivered congress,fleetwoodcrack_,44854,54,deleted time finally learned name pronounced someone remind greater anticlimax recent history ear removed removed removed removed interested see full report admit expect conclusion trying hard spiral mental gymnastics confirm bias trump use absolute sledge hammer democrat highlight  4  page summary barr  20 march  2024   202019   20 letter  20 to  20 house  20 and  20 senate  20 judiciary obstruction justice mueller state report conclude president committed crime also exonerate mueller establish anyone campaign conspired knowingly coordinated ira russian troll farm effort aspect russian election interference mueller made judgement obstruction justice barr decided prosecutable case without ever interviewing trump explained barr say anything significant regarding grand jury material released congress trump face prosecution mueller recommend criminal charge far eluciditating actually happened beyond public russia dangling trump tower moscow  64 fb 45 b 03 c 7 b happened trump tower meeting july  2016  offered election assistance trump subsequent removal russian sanction republican platform polling data manafort shared russian intelligence officer learned nothing significantly new report know mueller find sufficient evidence bring charge obstruction mueller make determination explained barr interpreted example trump lawyer dangling pardon manafort flynn trump openly admitting firing jim comey stop russia investigation still mueller reached endpoint investigation rule law allowed proceed good thing united state celebrated every american today deleted according report special council obtain sealed indictment yet made public happened sealed indictment hearing past couple month edit apparently directly related mueller investigation could related offshoot investigation could completely unrelated lame house democrat said would subpoena full report barr chose give summary wo time soon well thank god read reddit without hearing every day removed removed removed well glad president russian stooge plus matter side told  200  time last year worldnews thread trump impeachment around corner complete shitshow banning mueller discussion banning people say thing like really need discussion removing biased mod create echo chamber dems better come actual campaign stance besides fuck trump look like handed second term imagine medal reported opposite top post time removed never mind trump crap summary say mueller concluded russian influence  2016  election going edit address repetitive comment people forgetting angle main aspect mueller probe investigate russian election interference may already known interference mueller report confirms already knew mean talk mean everyone reason okay interference election process including perpetuated u age social medium world leader probably decide stand problem going get worse look forward report published really interesting russia also several opinion version russia interference election united state start going back post  10  gold speculating huge report going confidence post make clear barr summary quoted report trump colluding russia trump obstruction conclude crime committed exonerate please matter side read report carefully come accept go crazy rant conspiracy theory etc whatever want sorry tony way endgame well expecting mass medium pushed whole russia conspiracy everyone  2  year either like people shown evidence lack throeof make carful conclusion change opinion perspective thing b act like child complain somehow mueller report nothing even though pushed waiting result go wait denounce mueller report somehow false enough c double become alex jones steroid conspiracy seriously think going steel beam level crazy soon either way feel like year option getting away kinda surreal hate trump much next guy got completely played medium little evidence indicted people nothing russian collusion terrible thing though course instead putting egg collusion basket shouldve fighting trump policy never trust medium removed going get messy grab popcorn late night show wo anything talk monologue imagine would upvotes big news american happy president wrong country russia although feel lot would happy got caught outrage medium drove collusion accusation drive profit month accountability four page summary lmao much censorship going comment interesting knew exactly report said seeing many upvotes got  4  hour trump guilty hit time top reddit time reddit happy president russian spy judging reaction people wanted russian collusion election removed trump stumbled victory  2016  democrat tripped dick hillary truly worst candidate president history change mind cool clean plastic island middle pacific ocean always disliked mueller report reported major political story rather legal matter thank god finally think medium democrat learned anything  2016  medium really nailed one removed removed deleted man  90  people butthurt af removed report taught u stop listening medium really critically look thing better much censorship going thread story isnt even lmao even dont like trump happy collusion conspiracy false 
bf3qqa,1555704820.0,people pooping ever street san francisco,,906,87,frequent conversation visitor wow must huge dog yeah dog feces oh summer time right poopin street lived city would always tell friend family visit see shit many public toilet per sq mile peer crystal ball see future article us graph another article  17766 f 835 ea 5  hold back thing map reported location pin brown sample  3 a  2 f  2 fadamandrzejewski  2 ffiles  2 f 2019   2 f 04  explore map albeit super laggy waiting hep outbreak reach san fran san diego enjoy witnessed street pooping san francisco firsthand drove guy squatting pant dropped turd sidewalk grinned sound like disney song assume cost  4294  rent  200 sq ft studio thought first life looked forward india third world becoming like america west afraid america west turning india third world yet everyone keep saying ridiculous rowling said witch wizard used shit wherever felt like magicked away indoor plumbing invented lol mean kind funny rich people kept squeezing poor homeless shit city think pretty poetic people think upper class live city street overflowing human waste poopmageddon goddamn chipotle metamucil san francisco maybe someone code app track shit call shitr give  20  million please must columbus mistook america india civilization technology silicon valley solution obvious india figured long time ago designated shitting street find believable find unbelievable speed defend behavior wealthy ppl love shit public matter long vote disignated next california course actual fuck wrong people raise tax fix problem  turn poop wine treat measure collective humanity really frustrating one want spend money helping homeless helping also pretty darned expensive build home god damn ca put mind set would rather human shit street highrises place bit shitty shit hole sware california social experiment see high tax get hell break loose leftie paradise self cleaning bathroom let shoot convenient enough people use figure millionaire colin noir video san fran edit forgot mention spokesperson nratv though content branching beyond gun thought trump republican destroying america yet every lead city shit like everywhere homeless last time san francisco waiting trolley big line dude looked like really high something squatted middle street pissed front everybody course san francisco street incline urine flowed right road pulled pant walked away like totally normal hospital nurse castro day go without least one homeless inpatient somewhere floor  100  one assigned substance abuse issue san francisco relative admittedly small subsection admitted floor still  100   100  taken care two homeless given bus ticket municipality one came missouri ca recall state problem city certain area last year become public washroom first night care see squatting thing broad daylight people around child around care best color scheme chart ever blame flavor ban san francisco treat people general drug user homeless people thought trip san francisco full experience must missed  100  poop street next time thought x 200 b homelessness problem closely related housing cost homeless suffer mental illness substance abuse unemployed could afford apartment even  500  per month x 200 b city nice weather attract homeless sf san diego miami x 200 b ca get rid homeless giving away free home nice city never build enough free home sf satisfy demand x 200 b solution deal crime put homeless humane camp provide medical mental health care facility empower want get back foot stepped human shit san fransisco first time went got ta look ground walk went san fransisco dressed like normal working class person dropped trow shat would anyone audacity say anything designated shitting street come san francisco somewhere several indian smugly typing reply change name san fecesco maybe build public bathroom take poo loo people happening surprising regularity good thing denver legalized shitting ground tech millionaire show power pooping public also known protesting hi mayor breed please something thanks beat jackin san diego going san francisco sure wear hazmat suit going san francisco gon na meet ton homeless people sf visiting sister two year ago went get better view city hall lit rainbow color must passed least  12  people sleeping street  1  block journey one guy even bag anything laying concrete time ive seen worse mumbai india sound like seattle wow would thought need keep population regular high rent haha literally saw someone taking dump leaning car visiting san francisco san francisco permissive seedy dangerous since inception people lamenting forever attracted drop out creep since day barbary coast fact expensive weird part get wrong love place anything go attitude steeped history something new poo loo maybe ca afford toilet  start pooping across  1600  pennsylvania avenue indian population old news people still surprised clearly u internal news mod even trump shit least give flimsy response mentioning russia make u news excuse yeah shit expensive even live san francisco surprise massive amount homeless people ca afford live fact really affordable housing option available stuck street course people would suggest homeless shelter place show increase rate crime significant amount creates another problem try solve previous one always create affordable housing option little space left becomes impossible build much plus people want higher quality housing affordable housing impossible area san francisco assumption affordable housing also subject rise property value would end creating problem line long ago san francisco removed many public restroom dead overdose victim vandalism pickup casual homosexual act early public gloyholes san francisco buy something want use restroom way sole provide public restroom live attendant san francisco turning india mericuh fuck yeah unfortunately sf worst place ever usa even mississippi get looked like paradise compared chess pool ultra liberalism get whatever happened predictability public toilet needed many people scoff idea public toilet old conservative thinking like pay someone else toilet problem well guess problem either going shit proper facility shit sidewalk take pick either way tax dollar paying knock till ya try way mayor touch city portable toilet used construction site help free however good investment human waste want street people homeless bed roof head also toilet place drink beer thinking portable toilet bring beer pub help address issue poop street place drink beer eh create place drink beer put toilet many portable toilet needed ca understand context people commenting huge problem homeless either mentally ill drug user even drug thing extended open public space toilet required lastly unavailability toilet business response drug usage might lead people shitting street baffling stupefying sanitation problem top drug problem housing problem mental institution problem side happening hope cow start flying shit hit fan oh wait street poop india san francisco need poop stats street run defecation impoverished mass disclaimer american solving issue threating homeless people get act together b failing put concentration camp yes latter may sound nasty due bad historical context mean camp like nazi germany mean large area guarded homeless people escape run asylum money come tax payer sf million inhabitant right give one dollar per month million dollar per month  12  million per year think giving  1  dollar per month solve huge issue much right 
bj1rlz,1556620490.0,getting cash saudi king salman easier collecting rent trump say,ahm713,2765,54,maybe ask good king help rent said would calling nobody ever made call said stupid trump joked trump stupid understand king salman senile figurehead get email prince time offering money crazy easy effortlessly accept praise getting blood money basically president united state bragging ruthless murderous monarchy murder impunity give incalculable bribe well played america lol anyone ever respect trump added got ta hand whatever stupid paper cia nsa pentagon asshole try make read give money jared taking whole box made thousand thousand discovered saudi arabia origin  19  saudi terrorist attacked united state trump giving technology weapon mass destruction entire gop see nothing wrong wtf wrong people trump making grandiose boast illegal shit name better duo super genius billionaire saudi money anyone money part bullshit spiel supposedly guy fix thing could bought course know better well  70  u know better  30  fully broken lost cause rich guy buying nuke plan easily separated money guy choose eating medicine shelter shocking money moral country money talk b walk trump case could thing emolument forget sell america future china shame always covered blood getting cash saudi king salman easier collecting rent trump say yea dead american journalist cost trump bad enough ok fine consider thousand american died horribly mainly due dozen saudi jet plus saudi osama bin laden paying equipping cool easy trump trump band ugly r completely forget american died killed funny exact r people posing pro usa kept chanting never forget well former pm malaysia claimed appeared personal bank account donation house saud yeah one belief collect rent bonesaw khashoggi avenged easy go know flying shithole country oh ca say anymore msm fake news know flown king king know king beautiful palace like trump hotel palatable palatial shaking hand king king haha say hey get money king want weapon protect palace know yemen something know shithole country oops say yeah yeah people get people figure kind missile know make deal made deal shook hand like easy read give return trump add bullet point list thing president call foreign leader ask give u money like michael scott calling michael scott paper company translation knew extortion could easy disgrace right identical donald trump never done either thing salman king tho lose friend diplomacy know think united state nuclear weapon saudi arabia mean really renting place u old stupid line come know  0  confident translation bought paid entertaining part trump interpreting king comment never received phone call like complement rather insult actually history look back trump america elected villain captain planet like cleo mcdowell calling jaffe joffer willing kill hundred thousand yemeni tenant trying pay silence murder committed trump radical islamic terrorism incredible threat america also trump look ugly clown rent presidency day one thing supposed lease bet even easier getting cash putin well maybe ask good king clear debit probably amount earns second would clear mortgage want plane flown trump tower get plane flown trump tower removed fire trump trump like ith juthst bisthnith ok golly eveweone get tho mad ith juthst bisthnith ok harumph eveweone tho mean bithnisth alwayth gud matter know geeth people agwee may hurt blowing fat dude money easier working living knew best tl dr could make original reduced  66  bot president donald trump told supporter campaign rally saturday getting money saudi king salman easier collecting rent quot tenant bad location new york quot getting money saudi king salman quot easier collecting tenant bad location new york city quot u president trump boast supporter campaign rally wisconsin pic quot  039  tell honestly  039  easier collecting tenant bad location new york city  039  safer believe  039  easier  039  true quot trump said drawing laugh supporter extended summary faq version tl drs far feedback  23 autotldr pm comment monitored constructive feedback welcome top keywords trump  1  saudi  2  king  3  call  4  president  5  deleted new saudi bribing country since forever done ask said trade war trump need stay away really rent nyc buy cost publish name every person voted trump  100  year people looked shame disbelief could fucking stupid grandchild asking cast shame people voted history kind trump also show without question politics largely hereditary jim bob grand daughter jane doe going vote regressive party minority lower class party matter grandfather voted trump great grandfather racist take ideology drag rest country degeneracy like ancestor sure say homo afterwards get kicked gop 
bpuiw7,1558116012.0,u accidentally killed dozen afghan policeman airstrike,NovelGrass,261,40,ive always curious happens case like u say something like war shit happens sorry deleted murdered word looking murdered worry soldier wo face consequence another warcrime far year coalition killed civilian terrorist apparently murder use missile instead rifle team america strike sure freedom served surprised u biggest terrorist group world united state like rome depends war run country warcrosy winning heart mind least u kill deliberately like syria yemen country wedding funeral group policeman anything u accidentally bomb afghan force ground called airstrike telling u area clear friendly star stripe reported citing resolute support unfortunately tragic accident resulted actual info miscommunication happened also star stripe article article us source actually talk happening still detail miscommunication aside thing business insider page cut text copy add link article annoying make want use site probably thought civilian  96  killed drone strike target enemy combatant thats probably would recorded like accidentally excuse bomb fell aircraft bad guy well yes unless u citizen sorry u bad guy mean arent bad guy ofcourse still anyone else yes u bad guy murica wait blaming trump usual wait blaming trump usual wait blaming trump usual wait blaming trump usual accident kid pissing pant accident murder sorry dimitri sorry alright sorrier sorry well sorry dimitri say sorry capable sorry sorry alright alright lot people leaving comment even though idea talking type event happen first place lot people leaving comment even though idea talking type event happen first place lot people thread idea talking  2  heart mind ah well brown people arent big fucking whoop poor airman la vega accidentally killed dozen afghan policeman airstrike righteous war side good fine fighting good fight terrorist would take world ergo want afghan police middle fire fight taliban called air support told u force area clear area clear us fault gotten way deleted many america allied serviceman purposely killed afgans big loss probably would men moment chance 
brt3me,1558553648.0,china confirmed source illegal chemical,,195,12,china epa suck course fuckin almost like trusting prc play rule mistake one surprised big shocker surprise journal article nature increase emission eastern china based atmospheric observation color surprised china care green initiative unless corner export market swimmingly right solar tech turbine pollution detecting satellite going let civilized world know little china care anything china whaaaaa way ca trust people social credit system although basing comment many article year anything china betterment leadership u actually implement new green deal would misguided believe intention change unless fiscal benefit yes building nuclear reactor assume care environment building nuclear plant world doomed human plague planet america leading way right look shoulder see one behind 
bt06x9,1558821517.0,tower london welcome first raven chick  3  decade,Boris740,3764,33,explanation article raven chick  3  decade best reporting hail bran broken day feel like feeding tired mama grown tired chirping reporter told thrilled birth hoping would first many mother sighed nevermore tower london raven master one chick get stay tower three sent stay friend countryside like telling kid pet dog gone live farm raven cam seems like maybe need petition welcome way warrior raven ask real question one become ravenmaster  3  decade cutting close uk deep dodo die hanging people tower london happened week ago keep trash bin covered kind news want read britannia shall fall today lad raven still remain except get power wonder one saw back september looked like mating dance thing awesome think peter caine smiling ravin chick bran got work quick aaaaaaannnddd gone said nevermore lack chick sign q die evermore see raven chick chick raven london awhile african european coconut come deleted guy guy respect kind thing literally cause riot england big deal send raven keep thinking post say rave chick wonder rave long tax payer money well spent thought said rave chick 
bwka1m,1559620598.0,tiananmen square fall silent tight security surround symbolic anniversary world news,koavf,957,11,average joe chinese thinking special day lot security around square piqued curiosity security intimidation removed best tl dr could make original reduced  89  bot china marked  30  year since deadly tiananmen square massacre tuesday wall silence extra security arresting activist tightening internet censorship politically sensitive anniversary countless surveillance camera perched lamppost around tiananmen square spring  1989  student worker gathered tiananmen square symbolic heart chinese power demanding democratic change end corruption inspiring protest across country extended summary faq version tl drs far feedback  23 autotldr pm comment monitored constructive feedback welcome top keywords china  1  square  2  tiananmen  3  protest  4  year  5  deleted day  30  year ago public square nothing special happened commemoration mundane day tightly securing area blocking website international news organization prohibiting foreign reporter access reason otherwise go business except square nothing happened nothing happened day silence respect fallen seems appropriate well done china security tight thought nothing happened country fucked moral whatsoever itt chinese government loyalist apparently day  30  year ago nothing happened tiananmen square edit itt mean thread whole thread seriously though sort controversial see mean denial crazy wonder citizen credit score fare attending ceremony reflect positively negatively 
c381dn,1561105718.0,gut bacteria associated chronic pain first time,StcStasi,251,11,ensure optimal gut health deleted wonder gut bacteria interact way gut bacteria send signal cns central nervous system deleted really really hope something come preferably cure chronic pain hell wish worst enemy take issue first time part title many study showing link even may  2018  nutritionist informing feel like regular louis pasteur making homemade sauerkraut title article easy misinterpret article state unhealthy gut microbiome cause chronic pain quote drawn several paragraph specifically state point clear whether change gut bacteria seen patient fibromyalgia simply marker disease whether play role causing stuff ayurveda teach since roughly  2000  year would thought eat largely determines gut bacteria would affect health golly stopped reading mestioned ai since ya know sometimes guacamole sometimes mistaken cancer 
cq4si3,1565757453.0,half world forest wildlife lost  40  year,vitaminberry1,36843,59,insect life collapsing ocean life collapsing forest life collapsing aware please read holocene extinction mean future life planet spoiler good insect population worse  50  many place one biggest underlying issue insect often overlooked significant portion ecosystem biomass providing many function simple one often food le animal people worry climate change shake civilization core planet man idea life survive concern pollution pesticide overuse particular dosing planet poison constantly control pest population work wonder time target pest adapt poison kill everything else depressing note going bed almost middle mass extinction event add recently john paulson hedge fund millionaire destroyed large swath protected nature reserve unique specie build dream home allowed possible outgoing governor puerto rico ricardo rosello allowed many hears allowing permit governor essentially protested office signed flurry multi million dollar contract green lit contract exactly clear amount wildlife world forest plummeted half  53  per cent  40  year conservationist found anyone data source know many feel powerless coming storm climate emergency traditional politics failed even try solve issue big business openly uninterested time wait election cycle october  7 th undertaking international uprising join u need thing create necessary level change nonviolent direct action society value short term efficiency efficiency becomes thing sacrifice need population rise bring society halt demand drastic change come time working machine becomes odious toxic dangerous duty good people throw lever throw gear make machine grind halt say power wo let machine run even second world child mission extinction rebellion xr join u little time something xr branch around world one near start one three demand extinction rebellion tell truth government must tell truth climate crisis time denial zero emission  2025  effort require global reorganization production citizen assembly trust government world enact change need directly democratic assembly enact monitor change xr democratic collective called holacracy give power already incredibly successful around world time rebellion extinction need get website deleted right want destroy even billionaire billion child fascism ecological collapse time liberal democracy wont able deal two problem especially time destroyed user often report submission site ask u ban sensationalized article oppose blanket banning news source reader responsibility skeptical check source comment flaw help improve thread linking medium verifies question article claim link could help reader better understand issue find evidence article title false misleading contact moderator review bot action performed automatically please contact moderator subreddit question concern dude need news article load google earth zoom look around human everywhere absolutely everywhere forest left aside isolated tiny patch x 200 b every year little patch bought human cut tree build crap place even remotely safe government protected area even truly safe jerk political connection get free pas destroy protected forest park service ranger protect ordered local politician look way x 200 b building society culture economy based endless growth sustainable thing sustainable planet human wo learn lesson late close goal killing planet amazing work guy remember keep buying plastic throwing driving inefficient car everywhere importantly picking easy life future generation ability breath clean air peace love guy trying read article look like click bait besides fact  80  ad explain came number number actually mean anyone actual study read pretty sure understates situation forest wildlife another figure floated  75  overall loss since  1970  fuck revolt mf r jesus christ put enough ad website knew fucked thing  5  year ago really think would brought child world tough look little face every day think much struggle ahead biggest bullshit whole issue earth vastly overpopulated viewed taboo subject one willing address critically pushing towards  8  billion people general public debate wonder around transgender pronoun whether upgrade latest iphones addressing problem generation first step taking care problem need drink billion human world  70  billion farmed animal world  2017   60  billion  41  land contiguous u used feeding livestock lot lost habitat start fining conservative environmental destruction shape real fast wonder many country represented food freezer chernobyl forest  40  year human interference wildlife return thrive regardless still dangerous radiation level probably way keep pesky human away   brasil killing amazon sadly colombia well utter dicknuggets anecdotal point need go mile wood hear nature noise heard growing kid suburb really hell even hiking trail eerily quiet sometimes bug account half way winning war nature people used worked ultimately really matter none u gut needed change direction matter anyway evolutionary mistake big rock killed eventually action deciding world population doubled lifetime massive deforestation amazon joke shrinking year destroying ancient ecosystem farm land support abundance life every square meter amazon normally abundance life pass nutrient sediment wash ocean absorbed plankton bedrock oceanic foodchain produce large portion earth oxygen spot world crucial plankton bloom well amazon extremely important extremely complex macro earth system sahara amazon ocean vital environment cutting middle going catastrophic effect especially deforestation increasing year ooooooooo half way sad reminder planet crumbling beneath u fucked game meanwhile saudi arabia pumping oil like whore u endangered specie act destroyed one evil idiot wish would learn build around nature rather clearing thing putting shit shame killed elf think billion year lost forest wildlife  40  year astounding compare even one million year  40  year undeniable earth going drastic change exist midst snapshot whether believe climate change human causation unacceptable denial need thinking aggressively remedy bc next desperate need wider acceptance birth control eating rich interesting consider natural mass extinction tendency look part natural earth being evolved planet nature biology evolved u way led ultimately lead wonder inevitable beginning animal agriculture number one cause deforestation want earth survive stop pointing finger look mirror thought intelligent specie would solve issue world yet one creating ape destruction ecosystem would possible evolutionary experiment homo sapien lead interesting outcome read another post scientist researcher still investigating exactly animal affected radioactive exposure many study far point likely explanation animal thriving lack human nature flourish human removed equation even world worst nuclear accident jim smith environmental scientist studied life near chernobyl told national geographic probably coincidence human population doubled timeframe though let forget animal agriculture one leading cause new research show without meat dairy consumption global farmland use could reduced  75  area equivalent u china european union australia combined still feed world loss wild area agriculture leading cause current mass extinction wildlife link article fucked personally hate seeing forest destroyed build stupid as shit like storage facility cutting tree store junk go cemetery fuck boomer people developing country kid avg west ya know might die long ago youd pretty lucky half kid reached adulthood modern medicine infant mortality death illness culture caught yet  100  year ago need stop thinking planet infinite one day human population gon na even reach aa number stay eating hydroponic gmos fruit veggie meat know rainforest history book unless planet shake u like aa nasty cold first deleted go humanity really bringing added value ecological table 
cwagy4,1566939514.0,japan surpasses china top foreign holder debt,,300,10,interestingly still buying japan buying actually good thing u matter someone want sell long someone else want buy everyone start selling become difficult sell bond low interest rate fascinating bad thing japan usa much durable relationship usa china glorious nippon fun fact people seriously acquaint endlessly repeating think know u debt american doomsday understanding foreign debt obligation usually way criticizing president congressman opposing political party gloating completely hypocritical idea u irresponsible debtor country financially sound complete nonsense incredible something measurably false constantly regurgitated amateur geopolitical pundit ideological redditors  1  u net creditor debtor money u invested foreign country greater money foreign country invested u look map debt owed debt owed u  2  u literally strongest financial position country planet u asset amounting  270  trillion  3  subtract value debt liability asset determine nation wealth u national wealth almost  100  trillion debt owed external investor minuscule contrast u earth population almost positive wealth u much wealth next  5  wealthiest nation combined  4  majority u debt owed party within u foreign u debt owed external party  5  u le debt percentage gdp pretty much western nation every single major eu country deeper debt relative economic output u brit example often gloat u debt yet uk four time deeper debt u japan europe negative interest rate currently made possible purchase u treasury bond positive yield form carry trade exchange rate managed make work holy shit japan thought smarter although even gold threatened today world really curious would happen u tell china seizing debt part sanction package understanding bad country would wary dealing u future happens west agrees go together guess back  80  deleted move japan 
d9v1pe,1569556921.0,greta said kiwi schoolkids strike climate people packed ground wellington parliament building friday giving latest global climate strike flying start largest turnout yet seen new zealand,DoremusJessup,2548,28,organiser estimate new zealander joined strike climate around country total population deleted uh oh better get work conservative got lot little kid bully work wellington would like say impressed turnout far biggest demo seen nz great see many youngster priority right place wish people would stop putting spotlight greta say science say  1  greta say  2  people fed seeing everywhere  3  imagine would prefer pedestal time aswell removed fantastic news let make day remember last day global climate strike week would like yet spread word get involved citizen climate lobby working getting carbon fee dividend act place many country eu citizen citizen climate lobby chapter put forth petition carbon fee dividend act eu manage reach  1  million signature may eu parliament address direct link petition information citizen climate initiative economist statement carbon fee dividend scientific article carbon fee dividend information citizen initiative work eu want get involved volunteer ccl local chapter many country great online training denial death perfect summary situation feel like people stuff right climate change like mackinaw island michigan ban car voice future voice past screaming fear good x year kid major voting bloc politician take note already bell toll thee deleted best tl dr could make original reduced  75  bot people packed ground wellington  039  parliament building friday giving latest global climate strike flying start largest turnout yet seen new zealand latter referenced swedish teen activist greta thunberg  039  powerful address climate action summon new york monday thundered quot dare quot world leader inaction climate change dissatisfied climate commitment made new york alspach confident push meaningful action gaining momentum extended summary faq version tl drs far feedback  23 autotldr pm comment monitored constructive feedback welcome top keywords people  1  climate  2  new  3  generation  4   5  people sick know sick hypocritical vicious as hole proven give af climate change jut want sit whine complain like bleeting baby kid took thr street demanding fun reform hailed hero kid take street climate change actual climate change believer yelling go back school let adult handle like adult better well adult far global crisis really going start whining leading fight complaining person asperger public like somehow illegal kind fascist sick dictatorship think running look think need accept sea level rise global economy tank get one time everyone could act decided one making difference school kid asperger somehow wrong asperger offended disgusted attitude done bitch internet policy coward may future grandchild doomed due inaction vicious attitude spit graf shame assuming cause lot graf underwater shat shark instead greta coward gon na try saving world last stand like shoot u make intention clear world going saved like wish shit happened kid always wanted kid strike albeit different reason lol deleted many people think actually changed mind feel environment due greta meme area  51  raid people meme support thing awhile big one protest quickly forgotten find new face campaign meme go march india china kiwi problem green strike march protest demand stop thing come answer solve huge problem would result people respond hand grenade bring solution problem call greta never feel good throwaway news story champion whole picture environmental change accompanied social engineering avoid consequence real people people need strike protest climate change something people change enough people world changed way go reduce meat consumption take public transit etc fine problem everyone start making lot people want change want everyone else change people want blame big business government pretend like say matter container ship bringing cheap trinket overseas sad child used puppet climate alarmist thing predict going continuing increase stress related anxiety affect mental health child fake climate propaganda used want visit new zealand clearly gone way far left deep end get dollar much longer give bow quiver full arrow throwing gang sign x 200 b young miss greta one piece advice haymitch abernathy really wan na know stay alive get people like oh expecting well middle game starving freezing water knife even match mean difference life death thing come sponsor get sponsor make people like right sweetheart real good ohhh wish sign bit better instead saying yolo picture earth saw small group whangarei praise greta one true daughter born save u climate armageddon repent sinner time go convinced new zealand hope hell already made plan move justice chanting demand justice cute inspiring little girl action plan even asking anything specific outrage feel cool virtue signal nz one greenest country world already pretty fucking stupid 
dc9hzw,1570019286.0,trump called boris johnson help discrediting mueller inquiry report,,108,12,report president say prof innocent sure working hard discredit course criminal getting point world leader going feel left call looking help guy call desperate must man contact every world leader think help guy abusing office presidency personal interest day day corrupt president u history contacted every country named usa attempt discredit credible report fucking called everyone great start donald deleted assume right trump calling someone help get reelected know get anything discredit shit would twitter within hour next going tell colluded russia disprove allegation colluded russia total hoax legal cool 
dpyoux,1572577964.0,trump administration withholding  105  million military aid lebanon two day prime minister hariri resigned one official said move could pave way russia move,RussianBot00961,397,14,hunter reminder hariri corrupt furk magically gave something like  16  million south african model affair absolutely zero chance would try bribe trump family goon trump road lead putin including one build maybe maybe u know going next pm lebanon perhaps good thing wait see next pm case someone gon na give money hezbollah also threat russian expansion new justification maintaining even expanding u global hegemony fund every country military base world russian strong think russia really economy shit tier living standard russian developing state best military aid simply tax payer funded welfare military contractor u chance trump help putin damage u actually sound like normal decision fuck trump republican act like obvious bullshit normal ok everyone scrutinizing every action putin pleased lebanese company shut lebanon lebanese government strictly didnt agree pay bribe agree trump shithole country russia would even want air polluted china entire coastline contaminated water electricity poor education food grown also heavily polluted arent even allowed export one expensive country make phone call city poorly constructed poorly planned country definition suck oh forget trash management lol lived  16  year sure opinion matter trump deleted better russia iran enemy eating eachother stay trump terrible military industrial complex chicken finally roosting conservative since lebanon u colony state u care russia want deal lebanon whenever trump something let quickly frame way make sound bad 
e1b8za,1574658911.0,deleted user,,255,6,conservative around globe fucking joke recently good glad see finally got coming remember reading trial month ago funny stuff name lionhelmet spell funny first rate dickhead certainly comment disgraceful although made far worse still ridiculous ruling defamed material way merely insulted 
e5x8xi,1575454943.0,prison guard stood  7  minute teenage inmate tried hang attempt captured video feed officer expected monitor often,chelsea707,142,4,think epstiens guard got new job safety employ top priority ftfy user often report submission site ask u ban sensationalized article oppose blanket banning news source reader responsibility skeptical check source comment flaw help improve thread linking medium verifies question article claim link could help reader better understand issue find evidence article title false misleading contact moderator review bot action performed automatically please contact moderator subreddit question concern coma 
e9nur0,1576158944.0,moscow angered prague monument russian army helped liberate city,,172,11,fucking snowflake cool monument traitor south u even government building weird left part soldier joined nazi rank traitor swore serve adolf hitler poor bastard tough spot commander go nazi option basically become fight nazi go home sent gulag mean moscow every right angry monument honoring nazi fuck nazi lol russia making bigger mockery every day seems pissed statue ivan konev decided replaced well know removed sooner tank coming removed fuck happy build monument fucker lost hope gratitude occupied u liberator as 
ea6zeb,1576258139.0,planning rig impeachment trial mcconnell vow coordination trump senate process going coordinate exactly kangaroo court going run,maxwellhill,63078,58,president merely important among large number public servant supported opposed exactly degree warranted good conduct bad conduct efficiency inefficiency rendering loyal able disinterested service nation whole therefore absolutely necessary full liberty tell truth act mean exactly necessary blame wrong praise right attitude american citizen base servile announce must criticism president stand president right wrong unpatriotic servile morally treasonable american public nothing truth spoken one else even important tell truth pleasant unpleasant one kansa city star  7  may  1918  rule xxv senate rule impeachment trial provides text solemnly swear affirm thing appertaining trial pending impartial justice according constitution law help god according rule expressed constitution impeachment trial president united state senate take oath act impartial need pointed house senate house job handle portion deciding charge filed well registered solid zero old everything coordinating white house counsel almost charge would egregiously corrupt charge obstruction congress crossed line cartoonish corruption pretty sure framer constitution thought people would willing set aside affiliation came protecting nation unruly president impeachment process whether sympathetic democrat republican seems wrong trump gon na senate rally point feel illegal knew going happen whole point make stand say loud every last one removed think time mass protest fucked knew current senate impeachment symbolic really need vote man senator november america done talk ignoring progress make despite mistake deleted one word best country upholding justice maintaining control power x 200 b fact dont matter constitution doesnt matter disgraceful impeached corruption well final solution corruption look guilty congress decide allegiance lay president people trump decide supreme court justice presiding still chance backfire mcconnell really good job way master universe power lie poll general gop senator good example repel replace vote mccain blew entire plan one vote beyond party general losing safe seat close call extremely safe seat thing could spiral control gop good run america basically jury foreman mcconnell already returned verdict trial fuck expect senate controlled gop going remove guy office nixon resigned avoid impeachment  1974  democratic party held  60  seat  45  need  67  vote current republican party despicably bad vote next year talk friend family use basic moral argument repeat something say obama biden another democrat said support reveal actually trump another republican express disgust got ta chip away ignorance mean shit new senate republican thick thief nixon became apparent public opinion shifted far trump trump stranglehold base get point think backing might cost seat back way even stood middle  5 th avenue shot somebody surprise one mcconnell nearly unamerican trump beneath contempt heard country real pride honor revolution rich ruler act brazen corruption raise hand surprised anyone earth corruption bottom jury coordinating defendant clear case obstruction justice even legal crazy think constitution set protect dictator nation dictatorship senate workaround apparently provision tree liberty must time time refreshed blood patriot tyrant welcome senate outcome rigged fact mean nothing removed removed u senate oath office solemnly swear affirm support defend constitution united state enemy foreign domestic bear true faith allegiance take obligation freely without mental reservation purpose evasion well faithfully discharge duty office enter help god bear resemblance mcconnell actively pursuing coward yet bj impeachable ugly mess still think remain united nation republican curve ball senate democrat try work situation feel even hopeless usual hey washington oregon california hawaii bc want form country actual fuck seriously gon na take start rioting past  4  year anything blatant corruption whose quote planning rig impeachment trial house sue senate failing imbue impartial judgement matter fact admitted mean time riot picket protest riot flip shit burn shit smash shit gop going make absurdity make whole process look bad embarrass dems republican start wearing brown shirt america blow internally canada awkward puppet really curious still introduce evidence senate trial senate trial mostly debate voting even american mcconnell one least favourite human being time australian take issue kangaroo represented way proud noble animal extremely professional handling matter law fucked mercy criminal powerless short civil war riot nothing sit watch country devolve pile bullshit people vote modern republican party voting forced play hand declare allegiance president party country law mcconnell declared party autocratic republican representative choice goosestep mcconnell tune agree democratic process courtesy end serve republican party ignored stand shit set party back track republican voter turn choice make continue voting people lined mcconnell favor autocracy leave party line behind representative willing take stand country ideal built trump supporter course choice still supporting trump point decision made enjoy tyranny whatever short amount time last least got trigger libtards right coup blatant fucking corrupt bullshit outsider point view holy fucking shit guy seriously month constant praise hong kong protester rightfully imo yet country plutocracy rich fuck whatever want openly admitting crime corruption front everyone even joking know wo consequence anything seriously ok since literally first week presidency people repeating well check balance take care point understood wishful thinking nobody enforce fucking stop moving post wait mueller report wait midterm wait new election nice good meanwhile asshole preying come guy million deserve better angry praise hong kongers every day make rest world praise american well right time mass protest coordination part legislative branch president contrary constitution want moscow mitch yet putting party people mcconnell scum say video unlike bill come house like get voted one man one scummy corrupt man decide vote something like kind joke call whatever happened check balance learned high school civics class look trump standing face guilty little boy ignorant parent defending action politician officially law 
etj8bl,1579911656.0,uk virus researcher estimate people wuhan coronavirus  13  day,,271,26,even sars outbreak barely infected claiming virus transferable merry new decade everyone flyer basic reproductive number virus mean every one person infected infect average people influenza sars source deleted timing could worse chinese new year country busiest time international travel doctor wuhan released video saying basically running donation virus contagious  1  to 14  day estimated least people already infected people want chinese government get serious eliminating virus tell virus started practicing religion hope  3  mortality rate hold number mask vigilant reached nepal confirmed case due lack testing facility treated released test came back hong kong positive authority trying trace detail completely unprepared fear rampant doubt spread india nepal time start another  249  hospital guess marking calendar gon na need build hospital next  5  day wooo deleted many dead like  10 thousand good chance mortality number china lying getting way cant wait hbo make series said researcher social credit score plunged precipitously making claim virus could go dormant survive precious merchandise month anyone math statistic knowledge pertains disease proliferation run number widespread could get still much worried standard flu know bunch people hit year plus statistically kill ton people compared headline disease still interested see virus could play take simpson prediction seriously hold ordering juice loosener ali express exact number must china never tell truth virus came wuhan laboratory market also chaos wuhan many others city china question exploded fast one random mutation another virus  100 x contagious feel lot people probably thinking conspiracy expeshaly china said trying cover day early projection contagious r naught person spread  4  others good get start spreading multiple city around world wo much stopping china already quarantined several city including one population  11  million shut everything airport rail military vehicle blockading road virus get every country responds way imagine london new york paris locked forget investing gold invest canned food water ammo article estimate basic reproduction number infection  95  confidence interval please stop spreading fear internet click deleted almost chinese new year year pig swine fever close make place chinese year rat virus people known 
ex44hj,1580551962.0,apple close china mainland store due virus outbreak,ShotHearing,410,12,starbucks mcdonalds apple list keep growing sure keep sweatshop open though anyone link map something know place virus case death ncov stock market drop baby go old apple day adage shop closing chinese government say close u firm would love leave open one go shopping anyway want stop paying shop employee crazy everybody know mac get virus damn chinese economy gon na take serious hit wuhan particular probably take year recover maybe xaomis opportunity lead sale time samsung capitalize vaccine app mean wo able buy isick 
f33d78,1581563479.0,suicide note confession doctor say vaccinate child despite parent wish,Mr_Dodo_,622,29,plague rest humanity think oh let believe believe hurt u sincerely screw herd immunity aside economics aside healthcare impact aside fuck twit like guy taking medicine hand supposed doctor person trust importantly learned individual field vaccination proven benefit let unfounded belief impact life kid potentially killing leaving impaired life doctor refer dick move violated hypocratic oath kid sympathy zero guy doctor like  14  year old well glad dead sorry died coward instead rotting jail number year first deleted investigated prior suicide article state looking month say googlebox good thing dead ended note lol patient doctor way figure vaccinated test doctor perform see shot would need vaccinated would effect vaccinated twice good riddance best tl dr could make original reduced  76  bot response cook county health official issued notice former patient late pediatrician van koinis according chicago  039  unclear many patient affected koinis  039  record incomplete disarray cook county sheriff  039  office also stated former patient strongly encouraged consult current physician see prior vaccination actually conducted extended summary faq version tl drs far feedback  23 autotldr pm comment monitored constructive feedback welcome top keywords koinis  1  patient  2  stated  3  vaccination  4  note  5  would become doctor go become traditional herbal doctor want move toward modern medicine speaking doctor scumbag generous guy violate standard care believing smarter medical science even tell patient lying claiming thing regret coward admit mistake sympathy patient get vaccine risked epidemic disease hell special spot professional abuse power got easy endangered god know many kid every child come contact bastard deserved locked kind scary thought make wonder ever doctor shit special place hell people like well yeah goof guy wrong chicago quack doctor something air reading ops article research show lot parenta adamantly defending man charisma offense great example people refuse admit fooled hope died slow painfully fucking cunt worst part dr killed face justice worked supermarket ago woman came child hospital getting supply child hospital measles something else said doctor keep telling vaccinated child said want getting autism problem  4  struggling get better wanted hit medical encyclopaedia hoping information transferred via osmosis least way vaccinated rest u moment killed mi jh vaccine incredibly important attack please understand many talking modern day vaccine simply prick virus mixed dozen chemical used various purpose even un admitted know vaccine making people sick vaccine ingredient vaccine important conversation simply yelling people calling name hardens hate hate vaccine please open conversation good glad killed probably saved lot child autism kid fine child patient fine reddit love doctor go big pharma lol 
f63rwd,1582079790.0,russia ban entry chinese national halt coronavirus,joshsalvi,119,2,russia okay usa china cry overreaction xenophobia include hong kong passport holder 
f6j231,1582153020.0,fossil discovered sahara reveal catfish tilapia swam river year ago died fishing climate change,,540,12,deleted fossil discovery may new fact sahara used much wetter prehistoric time known long time prehistoric sahara lot lake kind animal life commonly associated part hippo giraffe antelope fish crocodile fishing possible back earth axial tilt change time  1  degree change ever slightly landmass facing sun obliquely change weather pattern case sahara year ago meant monsoonal wind lost water carrying capacity monsoonal wind dried slight change axial tilt le rain fell sahara dried painting etching sahara time savannah woodland lion giraffe gazelle crocodile second tributary nile began west africa flowed inland meet headwater flow north mediterranean would surprised major archeological find discovered sand one day possibly determine died fishing climate change would suggest deleted long ago another article human cause turning sahara desert study google younger dryas look randall carlson couple podcasts joe rogan lecture also sphinx lot water erosion rain egypt could  9000  year couple masive lake sahara lot piramides soon come everywhere near user often report submission site ask u ban sensationalized article oppose blanket banning news source reader responsibility skeptical check source comment flaw help improve thread linking medium verifies question article claim link could help reader better understand issue find evidence article title false misleading contact moderator review bot action performed automatically please contact moderator subreddit question concern deleted 
fa12bd,1582754143.0,putin agrees hold nationwide vote allow russian say raft change country constitution april  22 ,LeninsBlyat1917,115,25,want putin leader life b super want putin leader life anyone pick first option suicided prediction result  95  overwhelmingly favor change people surely would want end jail showing dissent good news everyone russian people want russia run exactly putin say poll result  11  traitor according stalin specifically say voter count people count vote count might said something similar others principle alive well predict massive  110  turnout bullshit forgot quotation mark around say referendum want declare russia christian state outstanding turn  9  million vote favor putin national population  6  million isr option chooses result released april  21 st russia vote determine outcome outcome determines vote seriousness vlad going charge chooses charade bestow legitimacy latest reshuffling government liking  wait let give point trying least putting forward effort make look like never good thing leader want something like know majority russian like putin going end well vote count people count vote count j lol people gun pointing try vote wrong thing whopping  125  result available april  21 st show quick free fair vote sure like election vote already counted vote taking page mao book let hundred flower bloom smell like bait opportunity create narrative western nation participating election interference 
g97lqe,1588015904.0,coronavirus african suffer discrimination china despite despite quarantined tested,rainbowblush,427,14,racism culture immune scapegoat long blindly listen thing told fuck china chinese communist party throwing people street based race express purpose making population hate falsely blame bringing virus china racist inhumane blatantly ridiculous given ccp running massive concentration camp murdering people organ suppose ca surprised world need stand rogue state chinese show true color oh irony fuck china chinese people racist african think originated china africa chinese people one rule another thee chinese racism african nothing new old mandarin tutor recently moved london nice person grown mainland china family tie ccp naturally certain view showing around wealthy neighborhood said one reason liked lot safe asked said black people around true racism infected likely spread area tested may know infected even reason threw still least tested throwing prevent spread ignoring trying dodge bullet gon na help anyone like trying cover covid case beginning hide try throw mean go away seems like still approach earth would need coronavirus control trying understand whole shitstorm could begun enywhere know fuck china question source one word depite twice title dont trust news read reddit well china first place insert picard meme hell african china 
gdv0se,1588673038.0,britain outpaces italy europe highest official coronavirus death toll,ReallyRedditLover,156,8,acting like could done done country tried best really bunch bullshit even said want compare literally know comparison made look like piece shit disappointed country ever brexit bad enough absolutely terrible response covid  19  literally cost thousand british life meant protect u act interest fucking economy like fuck fuck goddamn pig faced cunt blood thousand hand even rot hell belong security fucking money fucking economy fat fucking two faced cunt reason late response insufficient measure taken outpaces wrong verb saying overtaken italy would make sense expert say incidentally country european country le people consider using face mask best tl dr could make original reduced  59  bot london britain overtaken italy report highest official death toll coronavirus europe death figure released tuesday showed high death toll could increase political pressure prime minister boris johnson waited longer european leader order lockdown curb spread virus march office national statistic said people died average april  24  england wale compared case coronavirus mentioned death certificate extended summary faq version tl drs far feedback  23 autotldr pm comment monitored constructive feedback welcome top keywords death  1  figure  2  britain  3  country  4  coronavirus  5  uk asserting sovereign right die horribly uk like u fast becoming failed state europe thought britain part anymore 
gij0uy,1589313420.0,bill seek sanction china probe seek right investigate coronavirus closure wet market release hk pro democracy protester,,152,10,actual sanction china would huge u placed sanction russia invading crimean peninsula balk putting china due desire profit chinese market put profit ahead freedom democracy funded despotic genocidal regime considers u main enemy future world depends u ally turning ship around thanks bill bill edit researched little william gorgonzola open link see country contemplating really want something meaningful supply taiwan hong kong nuclear delivery system damn bill gate plan along best tl dr could make original reduced  65  bot washington leading republican senator tuesday proposed legislation would authorize president impose sanction china fails give full account event leading outbreak novel coronavirus graham said china refused allow investigator study outbreak started added statement quot  039  convinced china never cooperate serious investigation unless made trump critic including former official academic columnist said china much answer term action early outbreak administration appears seeking deflect attention see slow response crisis extended summary faq version tl drs far feedback  23 autotldr pm comment monitored constructive feedback welcome top keywords china  1   2  president  3  chinese  4  outbreak  5  let right probe trump administration slow dishonest ineffective downright stupid response pandemic course republican want refuse kind investigation president good luck maybe investigation golfing president fat arse  6  week rest world shut thing would appropriate forrrrrrrrre 
gukmvl,1591018081.0,climate protester like filth german village coal still king europe going vast lignite mine expanding eastern germany coronavirus delayed new climate law,maxwellhill,124,6,well okay let destroy whole planet village people corrupt rich nice short term advantage list german mine several salt want anything change aquaintances mine found another job month salt mine depleted moved fossil fuel industry need destroyed better future enemy people best tl dr could make original reduced  96  bot lusatia placed climate activist collision course local politician coal company community whose income depend coal wiebke witt brown coal expert ngo klima allianz deutschland germany  039   2038  closure timeline fails honour  2015  paris climate agreement ending coal energy production coal miner  039  pension still one best available topping average eastern german retirement benefit euro month extended summary faq version tl drs far feedback  23 autotldr pm comment monitored constructive feedback welcome top keywords coal  1  mine  2  germany  3  people  4  climate  5  job never good argument progressive energy policy miner feel unjustly scapegoated climate protester like filth blamed climate change feel unfair say ortmann could would earn money another way moral lecture really help people livelihood pretty much 
gxzg43,1591479034.0,man charged attending toronto racism protest blackface,LarryPeru,4107,91,police later told global news charged breach peace seems like vague charge could applied almost anything edit seems like charge dropped arrested charged op changed title likely arrested breach peace get street safety probably let go eta op say article changed title expecting blackface got drow gym teacher offense lolth hail queen spider arrested black damn justin person reading title genuinely unsure protest racism counter protest think rather lucky cop got angry crowd obscure piece trivia like share old blackstone law book hunting painted face considered offence public peace obviously removed others breach peace law reason people publicly drunk end drunk tank others awful title hell would call protest racism protest guy went darkest black could find like light escape curious man doubt ever learn true reason racism prank bro chill get society inadequate funding mental health treatment make sense person way ever boy chad asshole like edgy fucking marshmallow guy know excited thought needed one trudeau reference thread  look like op posted amp link often load faster google amp threatens open web privacy might want visit normal page instead bot mention summon sorry laughed title seeing pic lol really fucking bizzaro world atm guy took trolling online real life surprised get punched tbh guy thought sinterklaas named proud enough surely want credit wording confusing black racism protest implies protesting black racism see life anti black racism protest would literal protest racist mocking normal protester taking part group racist protesting someone please explain u blackface considered offensive also prime minister canada bit confused wait arrested trudeau damn trudeau toronto title misleading charged would blatant breach right defined charter right free expression totalitarian state yet guy complete idiot happened free speech going arrest anyone overly offensive trudeau strike justin arrest trudeau may present next prime minister canada canada also charged mischief  20 canada  2 c  20 mischief  20 is  20 a following  20 an  20 act  20 of  20 vandalism love dude behind look like kill canada arrest civilian black face prime minister trudeau good fun anyone else get arrested justin trudeau arrested pretty hypocritical anti black racism kinda made brain hurt sec figure protest guy mask double take lol blackface grrrr headline confusing thought racist protest protest man claimed trying disruptive despite appearance trying really want know endgame knew charged stable genius trump fan thinking edgy would surprised internet identified lost job ca imagine employer would want associated idiot prime minister someone check northram insert trudeau joke best tl dr could make original reduced  59  bot posted june  6   2020  pm est updated june  6   2020  pm est toronto police say man charged attended protest racism blackface saturday police later told global news charged breach peace protest held throughout world since death george floyd black man died minneapolis police officer kneeled neck several minute arrest extended summary faq version tl drs far feedback  23 autotldr pm comment monitored constructive feedback welcome top keywords police  1  toronto  2  man  3  protest  4  call  5  mean take ball enough experience speak matter pretty sure going jail wearing black face least top  5  thing time want jail cell people around ca guy got ball brain big ball ok im throwing trying provoke anyone offend honest question occured earlier today article seems like place discus know rightful stigma blackface given historically racist us cant help think ot could ised good way mean people use blackface experience world african american day period time something similar done past people experience life overweight person opened eye though used make fun people id interested people would think crowd nice fuck guy blackface look like wiley coyote trying camouflage listen  100  percent protest blm charged nobody ever black face hell court legal thing criminally charged cosplaying trudeau deleted first thought imitating justin trudeau see law broken spray paint face body question whether racially wrong law broke slippery slope arrest charge something vague got ta make lip funny use right kind shoe polish yet tyrant pm walk free insane stupid world oh canada sjw facists way ill last guy wear black face probably there way situation support dude catching actual criminal charge guess im cool cop arresting really though dude shoulda left alone he sign taking away protect dude crowd ok get behind otherwise nah feel weird man get wrong black man white man body choose white born way future conservative candidate fuck im embarrassed sometimes shoulda said play like trudeau someone explain putting black makeup different say drag thats freedom yall canadian suggest canada free free speech expression insensitive criminal nature police man man justin trudeau dammit canada lol good look remember picture trudeau blackface justine trudeau wearing blackface ok jesus asian cop look like bust underground dim sum place criminal place bit misguided good intention comment l meant honestly believe trying offensive l think thought aligning black community racism people use brain given charge attach name address mugshot let go viral lol think trudeau dress black face along many racist moment ok black came white face double standard much cunt black face even illegal friend gf one mud face mask exfoliating thing yesterday mud black asked planning go protest lol deleted damn toronto read headline twice register video make worse damn hallmark channel ad removed 
hjy87r,1593700849.0,myanmar call china arming terror group asks world help world news,,339,11,myanmar genocide muslim honest burma terror group made people whose baby threw burning building edit answer firmly yes edit mean right article rohingya people remember right news news moved hindustan time commit transparent democratic election balance power system aligning allegiance western power including japan south korea west support lmao get fucked myanmar pot calling kettle black un deeply concerned ignore genocide committing speculative article blatant propaganda china would pleasing myanmaar terrorizing myanmaar china important south china sea china unfortunately world going shit really matter already would case conflict china india neither side deserves support myanmar pro like little china leader longer sympathetic character monster 
hs1qv5,1594867659.0,indonesian family force girl marry man repay favor,azatoth12,638,27,hey thanks ride store give daughter best tl dr could make original reduced  85  bot girl banyuwangi indonesian province east java recently forced adoptive parent marry man traditional ceremony order quot repay favor girl  039  adoptive parent actually aunt uncle reportedly felt marriage best way thank man helping raise wedding ceremony girl  039  family asked pinrang religious court legalize marriage court later found marriage apparent effort adoptive father  039  part conceal allegedly raped girl extended summary faq version tl drs far feedback  23 autotldr pm comment monitored constructive feedback welcome top keywords marriage  1  girl  2  man  3  parent  4  adoptive  5  kind parent let daughter raped  45  year old return favor edit read article adoptive parent get better man already three wife married young girl nikah siri unregistered marriage even official marriage rape wedding ceremony girl family asked pinrang religious court legalize marriage court later found marriage apparent effort adoptive father part conceal allegedly raped girl fucking think news ca get worse read shit like read article repay favor cover assault poor girl wow fucking disgusting family ashamed giving daughter fucking pedophile favour name mephistopheles well inhumane thought would argue still inhumane fucked horrifying yeah fuck  21 st century right actual fuck family fucked actual man agreeing repayment deserves castrated piranha sick motherfucker reminder men onoy marry  12  year old older abused men weak ca deal reminded daily weak inferior woman married marry  12  year old feel superior basically men marry young girl moronic iq feeble strength desirable quality force kid marry lot state usa would illegal june  2020   10  state minimum age marriage see marriage age united state  2000   2015  minor legally married united state  9  roughly six child per thousand  10  vast majority child marriage minor girl adult man  9   11   12  minor married girl think international human right law adult ever legally marry child fact make punishable country complains rule culture maybe country change culture respect child instead well thats trafficing human trafficking right front face islam one biggest culprit least illegal indonesia sex slavery game throne claim law surprise hearing name rumplestilskin someone tell name spell broken repulsive justmuslimthings deleted america equally guilty appalling completely legal child marriage last  20  year including one ten girl christianity better islam blah blah blah sort shit state calling culture disgusting deleted 
i305lv,1596472110.0,norway suspends cruise ship arrival people board virus outbreak,hasan019377,3122,34,fuck cruise ship right failed ceo daniel skjeldamn told news conference dont know made laugh much state outright idiotic think even slightly safe open cruise line right remember industry pretty much deathbed right likely desperate get even small cash flow going anyone would go cruise right though absolute moron deserving whatever get best tl dr could make original reduced  73  bot oslo norway stopped cruise ship  100  people board disembarking port monday outbreak reported late last week ship already disembarked port tromsoe least  41  passenger crew board cruise ship m roald amundsen operated norwegian company hurtigruten far tested positive coronavirus hundred board told  10  day local public health official said sunday first hurtigruten first cruise operator worldwide return oceangoing cruise ship service touting reduced passenger capacity social distancing strict rule hygiene extended summary faq version tl drs far feedback  23 autotldr pm comment monitored constructive feedback welcome top keywords ship  1  norwegian  2  cruise  3  crew  4  passenger  5  see learned nothing january english owner filled ship cheap  3 rd world crew said need quarantine ship quarantine norway almost happened great got ta crazy even think remotely safe go cruise right unbelievable least  41  passenger crew board cruise ship m roald amundsen operated norwegian company hurtigruten far tested positive coronavirus hundred board told  10  day cruise ship allowed operate nature make cruise ship hotbed disease people forced close quarter even people distance aboard ship often touching shared surface onboard think people touching railing go ship someone coughing hallway hang air hour time uhhh norway welcome march seriously tell millennials yolo mentality covid showed boomer yolo even anyone got cruise ship purpose knew denied risk let stay board live outcome stupid fucking ignorant asshole deserve get sick point stupid listen global advice self isolate blame ignoring health advice favor vacationing fucking cruise ship one worst place pandemic yeah sympathy took risk decided fate fuck could possibly believe specific point history getting ship hundred stranger good idea quarantine ship evacuate everyone paying customer tow sea auction chance fire torpedo cruise missile bill paid give auction proceeds random internet person buy gear shitty garage band torpedo thing somehow miss happened cruise ship month ago anchor sea see still alive  2  month kudos ceo admitted failed make better u ceo would blamed everyone knowing danger covid easy spread cruise ship people still wanted get one everyone else staying home sacrificing summer say deserve understand stopping cruise ship disembarking already seen happens leave people fucking boat let port let go quarantine good job norway taking advice sweden process comment case dr terje erlid ship doctor police started investigation imagine irresponsible enough pick time take fucking cruise norway blocking norwegian cruise ship docking norway hate break people problem people  6  month become infectious disease think going confined floating island full salad bar random people world good idea deserve whatever fuck coming ya  100  people passenger deserve stranded sea fuck  100  better hurry get get  3  week late made bed lie expect criminal  100  people pretty much staff imagine getting covid norwalk vu shit nsw norway idk gang seems like might bad idea go cruise pandemic stupid asshole anyone go cruise covid fucking bonkers 
ibe6th,1597671116.0,eyewitness exceptional troop transfer underway russia unidentified car column way belarus,Voidcroft,119,8,finnish news agency citing multiple russian source basically ukraine crimea exercise  2  best tl dr could make original reduced  89  bot luulen ett auml ne olivat matkalla auml j auml n rajalle fontanka siteerasi lukijaansa joka oli l auml hett auml nyt todisteeksi n auml kem auml st auml auml n ouml valokuvia useista eri l auml hteist auml tulleet havainnot viittaavat kuitenkin mukaan siihen ett auml jotain tavallisesta poikkeavaa joukkojen siirtely auml ven auml j auml auml k auml ynniss auml auml rkeint auml ett auml n auml auml ongelmia eiv auml k auml ytt auml isi hyv auml kseen hajottavat voimat jotka pyrkiv auml siihen ett auml valtioliiton molempia osapuolia hy ouml dytt auml v auml yhteisty ouml k auml rsisi vaurioita sanotaan kremlin tiedotteessa putinin ja lukashenkon puhelinkeskustelusta extended summary faq version tl drs far feedback  23 autotldr pm comment monitored constructive feedback welcome top keywords ett  1  auml j auml n  2  oli  3  videon  4  kohti  5  russia soldier russian special force appeared crimean peninsula ukraine spring  2014  without country code took crimea russia called polite men wonder accurate translation later week russia annex belarus another site check source belarus quell violence u ca believe sometime went far pretend finland exists set fake domain news agency 
idc797,1597936729.0,greenland ice sheet loss hit new record  2019   1 m tonne ice per minute,damianp,595,21,expert seems like lot ice melting become desensitised article feel ready give miss feeling outraged need someone make real change world need stop compromising corporation nutter best tl dr could make original reduced  57  bot greenland ice sheet lost record amount ice  2019  equivalent million tonne per minute across year satellite data show ice sheet shrank  532 bn tonne last year surface melted glacier fell ocean would filled seven swimming pool per second scientist knew ice loss greenland accelerating fast recent decade high rate melting  2019  extended summary faq version tl drs far feedback  23 autotldr pm comment monitored constructive feedback welcome top keywords ice  1  loss  2  tonne  3  melted  4  biggest  5  fuck wish leave timeline greenland fully green lifetime fake til make green land rewatched day tomorrow need captain planet reboot record low  1 m tonne ice bad per minute oh think need invest snorkel company  2020  hold beer greenland actually want open natural gas mineral would normally trapped ice seems kind shortsighted deleted think moron trump wanted swap puerto rico greenland  1 m tonne mean  1 milli tonne  1 m tonne know article talk entire ice sheet melted never actually mention big ice sheet currently divide current annual ice loss amount get year kid young adult friend occasionally freak world promised u parent basically gone forever remind several time nothing ever bad reported nothing ever good reported well expected end ice age safe assume coastal town safe planning moving saint john new brunswick north atlantic lot property gorgeous ocean view would forever home however climate change worrisome 
ir9ap9,1599901425.0,iran executes champion wrestler,mossikan,122,6,getting buried extremely sad fuck world live google translate iranian state television announced wrestler navid afkari executed morning afkari charged stabbing municipal employee gasoline hike protest state far executed morning news iranian wrestler afkari executed previously widely covered social medium u president donald trump called iranian wrestler executed trump said official twitter account hear iran execute magnificent famous wrestling star afkari afkari action participate protest street deleted people want freedom sad think oppressed country editorialised title actual news title wrestler accused murder iran executed edit downvoters read sub rule ya hypocrite 
jdqnwv,1603063362.0,france propose control islamist group beheading teacher islamist attacker,,270,9,think lot come general penis fine one get wave around shove people throat immigrate another country show minimum respect culture value country emigrating welcome keep religion culture alive practice want practice get tell people country want live live life crazy insane religion still respected  2020  difference religious nut someone see ghost value freedom massive step forward humanity view religion way view greek mythology today bunch wild story created human really need clamp islamic fundamentalism europe become cancer cited cryptocurrencies example control could improved saying could used finance group fighter abroad cryptocurrencies pose real problem terrorism financing must reinforce clamp islamist organization putting control bitcoin feel bit misdirected islamist organization france receiving oil money since long bitcoin became popularised  88  upvoted high normal news story lot people downvoting story wanting hidden cartoon killer aught make every muslim coming country look image mohammed gosh even cartoon one ask make feel tell see daily probably weed real extremist right mean seeing cartoon jesus christ would make lose shit spot would decapitate first person saw beard even put reality seeing jesus cartoon make laugh islam belong france western europe matter balkan muslim chill china told world crazy religion dangerous 
kq20o9,1609737603.0,jack question arise billionaire whereabouts alibaba face scrutiny chinese government,Benkaoul,683,20,worry use alibaba intelligence avoid problem accusation look like op posted amp link load faster google amp controversial concern privacy open web might want visit canonical page instead bot summon deleted making clothing export america west china slave factory deleted successful china successful especially ca run mouth like economic summit october ego downfall likely alive useful ccp waste likely never truly regain control company jack wack anyone actually listen speak dude loco fuck ccp pig making disappear deleted money v power always power win winnie pooh say nothing see move along move along jack k jack greedy piece crap hundred time worse wolf wall street centre normally take two three month straighten anti commie deleted pardon asking world person like jack exist communist china communism distributing good equally ded deleted probably gon na take long time brainwash big forehead removed one safe ccp 
